﻿<?xml version="1.0"?>
  <!DOCTYPE Report
[
<!ELEMENT Report (General ,(Doc|BPT)) >
<!ATTLIST Report ver CDATA #REQUIRED tmZone CDATA #REQUIRED>

<!ELEMENT General ( DocLocation ) >
<!ATTLIST General productName CDATA #REQUIRED productVer CDATA #REQUIRED os CDATA #REQUIRED host CDATA #REQUIRED>

<!ELEMENT BPT (DName,Res,DVer?,TSet?,TInst?,NodeArgs,Doc*) >
<!ATTLIST BPT rID ID #REQUIRED >

<!ELEMENT Doc (DName, Res, DVer?, TSet?, TInst?, RunType?, DT?, Step*, Action+, DIter*, Action*, Summary?, NodeArgs?)> 
<!ATTLIST Doc rID ID #REQUIRED type (Test|BC) "Test" productName CDATA #REQUIRED BCIter CDATA #IMPLIED >

<!ELEMENT RunType ( #PCDATA )>
<!ATTLIST RunType fmStep (False|True) "False" batch (False|True) "False" upDesc (False|True) "False" upChk (False|True) "False" upAS (False|True) "False">

<!ELEMENT DName ( #PCDATA ) >

<!ELEMENT Res ( #PCDATA ) >

<!ELEMENT DVer ( #PCDATA ) >

<!ELEMENT TSet ( #PCDATA ) >

<!ELEMENT TInst ( #PCDATA ) >

<!ELEMENT DIter (Step?,Action+,Summary?,NodeArgs)>
<!ATTLIST DIter rID ID #REQUIRED iterID CDATA #REQUIRED>

<!ELEMENT DocLocation ( #PCDATA )>

<!ELEMENT Action (AName,AIter*,(Step|HtmlStep|Action)*,Summary,NodeArgs) >
<!ATTLIST Action rID ID #REQUIRED>

<!ELEMENT AIter ((Step|HtmlStep|Action)*,Summary?,NodeArgs) >
<!ATTLIST AIter rID ID #REQUIRED iterID CDATA #REQUIRED>

<!ELEMENT AName ( #PCDATA ) >

<!ELEMENT Step (Obj,Details,Time,(Step|HtmlStep|Doc)*,NodeArgs) >
<!ATTLIST Step rID ID #REQUIRED retval CDATA #IMPLIED>

<!ELEMENT HtmlStep (HTML,(Step|HtmlStep|Doc)*,NodeArgs) >
<!ATTLIST HtmlStep rID ID #REQUIRED >

<!ELEMENT Obj ( #PCDATA ) >
<!ATTLIST Obj plainTxt (False|True) "True">

<!ELEMENT Details ( #PCDATA ) >
<!ATTLIST Details plainTxt (False|True) "True">

<!ELEMENT Time ( #PCDATA ) >

<!ELEMENT HTML ( #PCDATA ) >

<!ELEMENT Disp ( #PCDATA ) >

<!ELEMENT NodeArgs (Disp,TopPane?,BtmPane?)>
<!ATTLIST NodeArgs eType CDATA #REQUIRED icon CDATA #REQUIRED nRep CDATA #REQUIRED filter (False|True) "True">
<!ATTLIST NodeArgs status (Passed|Failed|Done|Warning|Information) "Done">
<!ATTLIST NodeArgs iconSel CDATA #IMPLIED nType CDATA #IMPLIED >

<!ELEMENT TopPane (Path)>

<!ELEMENT BtmPane ( (Path|WR)?,ASHilite?)>
<!ATTLIST BtmPane vType CDATA "HTML">

<!ELEMENT Path ( #PCDATA ) >

<!ELEMENT ASHilite ( #PCDATA ) >

<!ELEMENT WR ( #PCDATA ) >

<!ELEMENT DT (NodeArgs) >
<!ATTLIST DT rID ID #REQUIRED>

<!ELEMENT Summary (Param*)>
<!ATTLIST Summary sTime CDATA #IMPLIED eTime CDATA #IMPLIED passed CDATA #IMPLIED failed CDATA #IMPLIED warnings CDATA #IMPLIED retval CDATA #IMPLIED stopped (False|True) "False" >

<!ELEMENT Param (ParamName,ParamVal)+ >
<!ATTLIST Param paramInOut (In|Out) "In">

<!ELEMENT ParamName ( #PCDATA ) >

<!ELEMENT ParamVal ( #PCDATA ) >

]
> <Report ver="2.0" tmZone="中国标准时间">
<General productName="Vugen" productVer="11" os="" host="MTER-PC"><DocLocation><![CDATA[G:\HPLoadRunner\scripts\Tutorial\basic_tutorial]]></DocLocation></General>
<Doc rID="T1"   productName= "Vugen"  >
<DName><![CDATA[basic_tutorial]]></DName>
<Res><![CDATA[result1]]></Res>
<Action rID="T2">
<AName><![CDATA[vuser_init]]></AName>
<Summary sTime="2013/6/11 - 13:31:47" eTime="2013/6/11 - 13:31:47" passed="0" failed="0" warnings="0" ></Summary>
<NodeArgs eType="StartAction" icon="2" nRep="5" >
<Disp><![CDATA[vuser_init 概要]]></Disp>
</NodeArgs>
</Action>
<DIter rID="T3" iterID="1" >
<Action rID="T4">
<AName><![CDATA[Action]]></AName>
<Step rID="T5">
<Obj plainTxt="False" ><![CDATA[Url: xl7bho.ini]]></Obj>
<Details plainTxt="False" ><![CDATA[<CENTER><STRONG><FONT COLOR=#009A63>资源已成功加载</FONT></STRONG></CENTER>]]></Details>
<Time><![CDATA[2013/6/11 - 13:32:35]]></Time>
<NodeArgs eType="General" icon="4" nRep="9" status="Passed" >
<Disp><![CDATA[Url: xl7bho.ini]]></Disp>
</NodeArgs>
</Step>
<Step rID="T6">
<Obj plainTxt="False" ><![CDATA[Url: WebTours]]></Obj>
<Details plainTxt="False" ><![CDATA[<CENTER><STRONG><FONT COLOR=#009A63>步骤已成功完成</FONT></STRONG></CENTER>]]></Details>
<Time><![CDATA[2013/6/11 - 13:32:36]]></Time>
<NodeArgs eType="General" icon="4" nRep="10" status="Passed" >
<Disp><![CDATA[Url: WebTours]]></Disp>
<BtmPane vType="HTMLSNSH">
<Path><![CDATA[\Iteration1\t1.inf]]></Path>
</BtmPane>
</NodeArgs>
</Step>
<Step rID="T7">
<Obj plainTxt="False" ><![CDATA[Submit Form: login.pl]]></Obj>
<Details plainTxt="False" ><![CDATA[<CENTER><STRONG><FONT COLOR=#009A63>步骤已成功完成</FONT></STRONG></CENTER>]]></Details>
<Time><![CDATA[2013/6/11 - 13:32:36]]></Time>
<NodeArgs eType="General" icon="5" nRep="11" status="Passed" >
<Disp><![CDATA[Submit Form: login.pl]]></Disp>
<BtmPane vType="HTMLSNSH">
<Path><![CDATA[\Iteration1\t2.inf]]></Path>
</BtmPane>
</NodeArgs>
</Step>
<Step rID="T8">
<Obj plainTxt="False" ><![CDATA[Image: Search Flights Button]]></Obj>
<Details plainTxt="False" ><![CDATA[<CENTER><STRONG><FONT COLOR=#009A63>步骤已成功完成</FONT></STRONG></CENTER>]]></Details>
<Time><![CDATA[2013/6/11 - 13:32:37]]></Time>
<NodeArgs eType="General" icon="6" nRep="12" status="Passed" >
<Disp><![CDATA[Image: Search Flights Button]]></Disp>
<BtmPane vType="HTMLSNSH">
<Path><![CDATA[\Iteration1\t3.inf]]></Path>
</BtmPane>
</NodeArgs>
</Step>
<Step rID="T9">
<Obj plainTxt="False" ><![CDATA[Service: Reg Find]]></Obj>
<Details plainTxt="False" ><![CDATA[<CENTER><STRONG><FONT COLOR=#00AF00>Text=Find Flight</FONT></STRONG></CENTER>]]></Details>
<Time><![CDATA[2013/6/11 - 13:32:37]]></Time>
<NodeArgs eType="General" icon="7" nRep="13" >
<Disp><![CDATA[Service: Reg Find]]></Disp>
</NodeArgs>
</Step>
<Step rID="T10">
<Obj plainTxt="False" ><![CDATA[Submit Form: reservations.pl]]></Obj>
<Details plainTxt="False" ><![CDATA[<CENTER><STRONG><FONT COLOR=#009A63>步骤已成功完成</FONT></STRONG></CENTER>]]></Details>
<Time><![CDATA[2013/6/11 - 13:32:37]]></Time>
<NodeArgs eType="General" icon="5" nRep="14" status="Passed" >
<Disp><![CDATA[Submit Form: reservations.pl]]></Disp>
<BtmPane vType="HTMLSNSH">
<Path><![CDATA[\Iteration1\t4.inf]]></Path>
</BtmPane>
</NodeArgs>
</Step>
<Step rID="T11">
<Obj plainTxt="False" ><![CDATA[Submit Form: reservations.pl_2]]></Obj>
<Details plainTxt="False" ><![CDATA[<CENTER><STRONG><FONT COLOR=#009A63>步骤已成功完成</FONT></STRONG></CENTER>]]></Details>
<Time><![CDATA[2013/6/11 - 13:32:37]]></Time>
<NodeArgs eType="General" icon="5" nRep="15" status="Passed" >
<Disp><![CDATA[Submit Form: reservations.pl_2]]></Disp>
<BtmPane vType="HTMLSNSH">
<Path><![CDATA[\Iteration1\t5.inf]]></Path>
</BtmPane>
</NodeArgs>
</Step>
<Step rID="T12">
<Obj plainTxt="False" ><![CDATA[Submit Form: reservations.pl_3]]></Obj>
<Details plainTxt="False" ><![CDATA[<CENTER><STRONG><FONT COLOR=#009A63>步骤已成功完成</FONT></STRONG></CENTER>]]></Details>
<Time><![CDATA[2013/6/11 - 13:32:38]]></Time>
<NodeArgs eType="General" icon="5" nRep="16" status="Passed" >
<Disp><![CDATA[Submit Form: reservations.pl_3]]></Disp>
<BtmPane vType="HTMLSNSH">
<Path><![CDATA[\Iteration1\t6.inf]]></Path>
</BtmPane>
</NodeArgs>
</Step>
<Step rID="T13">
<Obj plainTxt="False" ><![CDATA[Image: Itinerary Button]]></Obj>
<Details plainTxt="False" ><![CDATA[<CENTER><STRONG><FONT COLOR=#009A63>步骤已成功完成</FONT></STRONG></CENTER>]]></Details>
<Time><![CDATA[2013/6/11 - 13:32:38]]></Time>
<NodeArgs eType="General" icon="6" nRep="17" status="Passed" >
<Disp><![CDATA[Image: Itinerary Button]]></Disp>
<BtmPane vType="HTMLSNSH">
<Path><![CDATA[\Iteration1\t7.inf]]></Path>
</BtmPane>
</NodeArgs>
</Step>
<Step rID="T14">
<Obj plainTxt="False" ><![CDATA[Image: SignOff Button]]></Obj>
<Details plainTxt="False" ><![CDATA[<CENTER><STRONG><FONT COLOR=#009A63>步骤已成功完成</FONT></STRONG></CENTER>]]></Details>
<Time><![CDATA[2013/6/11 - 13:32:39]]></Time>
<NodeArgs eType="General" icon="6" nRep="18" status="Passed" >
<Disp><![CDATA[Image: SignOff Button]]></Disp>
<BtmPane vType="HTMLSNSH">
<Path><![CDATA[\Iteration1\t8.inf]]></Path>
</BtmPane>
</NodeArgs>
</Step>
<Summary sTime="2013/6/11 - 13:32:34" eTime="2013/6/11 - 13:32:39" passed="9" failed="0" warnings="0" ></Summary>
<NodeArgs eType="StartAction" icon="2" nRep="8" status="Passed" >
<Disp><![CDATA[Action 概要]]></Disp>
</NodeArgs>
</Action>
<Action rID="T15">
<AName><![CDATA[Action2]]></AName>
<Summary sTime="2013/6/11 - 13:32:39" eTime="2013/6/11 - 13:32:39" passed="0" failed="0" warnings="0" ></Summary>
<NodeArgs eType="StartAction" icon="2" nRep="20" >
<Disp><![CDATA[Action2 概要]]></Disp>
</NodeArgs>
</Action>
<NodeArgs eType="StartIteration" icon="3" nRep="7" status="Passed" >
<Disp><![CDATA[basic_tutorial 迭代 1 (行 1)]]></Disp>
</NodeArgs>
</DIter>
<Action rID="T16">
<AName><![CDATA[vuser_end]]></AName>
<Summary sTime="2013/6/11 - 13:32:39" eTime="2013/6/11 - 13:32:39" passed="0" failed="0" warnings="0" ></Summary>
<NodeArgs eType="StartAction" icon="2" nRep="23" >
<Disp><![CDATA[vuser_end 概要]]></Disp>
</NodeArgs>
</Action>
<Summary sTime="2013/6/11 - 13:31:47" eTime="2013/6/11 - 13:32:39" passed="9" failed="0" warnings="0" ></Summary>
<NodeArgs eType="StartTest" icon="1" nRep="4" status="Passed" >
<Disp><![CDATA[测试 basic_tutorial 概要]]></Disp>
</NodeArgs>
</Doc>
</Report>